Modelo,Normalização,RMSE (Treino),RMSE (Predito),R² (Treino),R² (Predito)
PLS,Não,0.0022243738886812995,0.0023957484844816,0.9986209756385527,0.9984415746041114
KNN,Sim,0.0248516638692366,0.0235397760169298,0.9593447933326095,0.9777926710697602
KNN,Não,0.0224289592903946,0.0177323602319972,0.9576864971255842,0.9756052001855838
RF,Não,0.015528645097969003,0.0104383591906453,0.9165554058683041,0.9231803624316935
SVR,Não,0.0017668864621792999,0.0014719439713657002,0.9991156478473823,0.9991361667960166
SVR,Sim,0.0018019715686326,0.0017887930501643,0.9989206407710092,0.998444298115522
